ID,Date,Link,Charge,Start count,Quantity,Service,Status,Remains
27323621,2025-09-30 16:03:53,Rainbow Number,0.087,0.0,200,7260 - Youtube Likes - [G30 - Max 60k] [Speed 20k/D]âš¡ï¸,Completed,0
27323619,2025-09-30 16:03:43,Rainbow Number,0.192367,0.0,35,13282 - Youtube Custom Comments | ğ—¨ğ—¦ğ—” | Speed 10k/D,Completed,0
27323499,2025-09-30 15:58:27,Rainbow Number,0.087,0.0,200,7260 - Youtube Likes - [G30 - Max 60k] [Speed 20k/D]âš¡ï¸,Completed,0
27323494,2025-09-30 15:58:19,Rainbow Number,0.1978632,0.0,36,13282 - Youtube Custom Comments | ğ—¨ğ—¦ğ—” | Speed 10k/D,Completed,0
27323360,2025-09-30 15:52:27,Number B,0.11745,0.0,270,7260 - Youtube Likes - [G30 - Max 60k] [Speed 20k/D]âš¡ï¸,Completed,0
27323319,2025-09-30 15:52:13,Number B,0.192367,0.0,35,13282 - Youtube Custom Comments | ğ—¨ğ—¦ğ—” | Speed 10k/D,Completed,0
27323187,2025-09-30 15:46:17,Number B,0.11745,0.0,270,7260 - Youtube Likes - [G30 - Max 60k] [Speed 20k/D]âš¡ï¸,Completed,0
27323179,2025-09-30 15:45:54,Number B,0.192367,0.0,35,13282 - Youtube Custom Comments | ğ—¨ğ—¦ğ—” | Speed 10k/D,Completed,0
27323015,2025-09-30 15:40:04,Number B,0.11745,0.0,270,7260 - Youtube Likes - [G30 - Max 60k] [Speed 20k/D]âš¡ï¸,Completed,0
27323014,2025-09-30 15:40:02,Number B,0.192367,0.0,35,13282 - Youtube Custom Comments | ğ—¨ğ—¦ğ—” | Speed 10k/D,Completed,0
27322810,2025-09-30 15:35:07,Number A,0.10875,0.0,250,7260 - Youtube Likes - [G30 - Max 60k] [Speed 20k/D]âš¡ï¸,Completed,0
27322803,2025-09-30 15:34:54,Number A,0.192367,0.0,35,13282 - Youtube Custom Comments | ğ—¨ğ—¦ğ—” | Speed 10k/D,Completed,0
27321843,2025-09-30 15:06:59,Number A,0.10875,0.0,250,7260 - Youtube Likes - [G30 - Max 60k] [Speed 20k/D]âš¡ï¸,Completed,0
27321840,2025-09-30 15:06:46,Number A,0.192367,0.0,35,13282 - Youtube Custom Comments | ğ—¨ğ—¦ğ—” | Speed 10k/D,Completed,0
27321757,2025-09-30 15:01:51,Number A,0.109924,0.0,20,13282 - Youtube Custom Comments | ğ—¨ğ—¦ğ—” | Speed 10k/D,Completed,0
27321754,2025-09-30 15:01:44,Number A,0.11745,0.0,270,7260 - Youtube Likes - [G30 - Max 60k] [Speed 20k/D]âš¡ï¸,Completed,0
27321695,2025-09-30 14:56:22,HP Mini DIY Tractor,0.11745,0.0,270,7260 - Youtube Likes - [G30 - Max 60k] [Speed 20k/D]âš¡ï¸,Completed,0
27321683,2025-09-30 14:55:42,HP Mini DIY Tractor,0.109924,0.0,20,13282 - Youtube Custom Comments | ğ—¨ğ—¦ğ—” | Speed 10k/D,Completed,0
27321557,2025-09-30 14:39:29,HP Mini DIY Tractor,0.109924,0.0,20,13282 - Youtube Custom Comments | ğ—¨ğ—¦ğ—” | Speed 10k/D,Completed,0
27321549,2025-09-30 14:39:06,HP Mini DIY Tractor,0.1305,0.0,300,7260 - Youtube Likes - [G30 - Max 60k] [Speed 20k/D]âš¡ï¸,Completed,0
27304790,2025-09-29 16:39:20,Mini Toys World,0.054962,0.0,10,13282 - Youtube Custom Comments | ğ—¨ğ—¦ğ—” | Speed 10k/D,Completed,0
27304789,2025-09-29 16:39:02,Mini Toys World,0.0435,0.0,100,7260 - Youtube Likes - [G30 - Max 60k] [Speed 20k/D]âš¡ï¸,Completed,0
27304747,2025-09-29 16:34:52,Thomas & Friends World,0.0174,0.0,40,7260 - Youtube Likes - [G30 - Max 60k] [Speed 20k/D]âš¡ï¸,Completed,0
27304725,2025-09-29 16:31:51,Thomas Satisfying,0.0174,0.0,40,7260 - Youtube Likes - [G30 - Max 60k] [Speed 20k/D]âš¡ï¸,Completed,0
27304664,2025-09-29 16:25:29,Funny Crushing Experiment,0.0435,0.0,100,7260 - Youtube Likes - [G30 - Max 60k] [Speed 20k/D]âš¡ï¸,Completed,0
27304191,2025-09-29 15:45:00,HP Crunchy,0.0174,0.0,40,7260 - Youtube Likes - [G30 - Max 60k] [Speed 20k/D]âš¡ï¸,Completed,0
27304004,2025-09-29 15:12:30,Rainbow Number,0.192367,0.0,35,13282 - Youtube Custom Comments | ğ—¨ğ—¦ğ—” | Speed 10k/D,Completed,0
27304003,2025-09-29 15:12:22,Rainbow Number,0.087,0.0,200,7260 - Youtube Likes - [G30 - Max 60k] [Speed 20k/D]âš¡ï¸,Completed,0
27303956,2025-09-29 15:06:12,Rainbow Number,0.192367,0.0,35,13282 - Youtube Custom Comments | ğ—¨ğ—¦ğ—” | Speed 10k/D,Completed,0
27303954,2025-09-29 15:06:03,Rainbow Number,0.087,0.0,200,7260 - Youtube Likes - [G30 - Max 60k] [Speed 20k/D]âš¡ï¸,Completed,0
27303882,2025-09-29 14:56:59,Number B,0.1305,0.0,300,7260 - Youtube Likes - [G30 - Max 60k] [Speed 20k/D]âš¡ï¸,Completed,0
27303879,2025-09-29 14:56:40,Number B,0.192367,0.0,35,13282 - Youtube Custom Comments | ğ—¨ğ—¦ğ—” | Speed 10k/D,Completed,0
27303779,2025-09-29 14:48:13,Number B,0.192367,0.0,35,13282 - Youtube Custom Comments | ğ—¨ğ—¦ğ—” | Speed 10k/D,Completed,0
27303777,2025-09-29 14:47:59,Number B,0.1305,0.0,300,7260 - Youtube Likes - [G30 - Max 60k] [Speed 20k/D]âš¡ï¸,Completed,0
27303556,2025-09-29 14:34:54,Number A,0.192367,0.0,35,13282 - Youtube Custom Comments | ğ—¨ğ—¦ğ—” | Speed 10k/D,Completed,0
27303550,2025-09-29 14:34:43,Number A,0.1305,0.0,300,7260 - Youtube Likes - [G30 - Max 60k] [Speed 20k/D]âš¡ï¸,Completed,0
27303514,2025-09-29 14:28:48,Number A,0.192367,0.0,35,13282 - Youtube Custom Comments | ğ—¨ğ—¦ğ—” | Speed 10k/D,Completed,0
27303513,2025-09-29 14:28:30,Number A,0.1305,0.0,300,7260 - Youtube Likes - [G30 - Max 60k] [Speed 20k/D]âš¡ï¸,Completed,0
27303384,2025-09-29 14:15:20,HP Mini DIY Tractor,0.192367,0.0,35,13282 - Youtube Custom Comments | ğ—¨ğ—¦ğ—” | Speed 10k/D,Completed,0
27303381,2025-09-29 14:15:10,HP Mini DIY Tractor,0.1305,0.0,300,7260 - Youtube Likes - [G30 - Max 60k] [Speed 20k/D]âš¡ï¸,Completed,0
27303310,2025-09-29 14:04:28,HP Mini DIY Tractor,0.192367,0.0,35,13282 - Youtube Custom Comments | ğ—¨ğ—¦ğ—” | Speed 10k/D,Completed,0
27303309,2025-09-29 14:04:18,HP Mini DIY Tractor,0.174,0.0,400,7260 - Youtube Likes - [G30 - Max 60k] [Speed 20k/D]âš¡ï¸,Completed,0
27261060,2025-09-26 15:30:29,HP Mini DIY Tractor,0.0435,415.0,100,7260 - Youtube Likes - [G30 - Max 60k] [Speed 20k/D]âš¡ï¸,Completed,0
27260413,2025-09-26 14:41:30,HP Mini DIY Tractor,0.192367,0.0,35,13282 - Youtube Custom Comments | ğ—¨ğ—¦ğ—” | Speed 10k/D,Completed,0
27260407,2025-09-26 14:41:15,HP Mini DIY Tractor,0.174,0.0,400,7260 - Youtube Likes - [G30 - Max 60k] [Speed 20k/D]âš¡ï¸,Completed,0
27260073,2025-09-26 14:25:57,HP Mini DIY Tractor,0.192367,0.0,35,13282 - Youtube Custom Comments | ğ—¨ğ—¦ğ—” | Speed 10k/D,Completed,0
27260071,2025-09-26 14:25:47,HP Mini DIY Tractor,0.174,0.0,400,7260 - Youtube Likes - [G30 - Max 60k] [Speed 20k/D]âš¡ï¸,Completed,0
27250497,2025-09-25 22:00:48,Number A,0.0348,396.0,80,7260 - Youtube Likes - [G30 - Max 60k] [Speed 20k/D]âš¡ï¸,Completed,0
27247189,2025-09-25 17:24:38,Number A,0.192367,0.0,35,13282 - Youtube Custom Comments | ğ—¨ğ—¦ğ—” | Speed 10k/D,Completed,0
27247184,2025-09-25 17:24:11,Number A,0.19575,0.0,450,7260 - Youtube Likes - [G30 - Max 60k] [Speed 20k/D]âš¡ï¸,Completed,0
27247056,2025-09-25 17:12:21,Number A,0.192367,0.0,35,13282 - Youtube Custom Comments | ğ—¨ğ—¦ğ—” | Speed 10k/D,Completed,0
27247054,2025-09-25 17:12:11,Number A,0.15225,0.0,350,7260 - Youtube Likes - [G30 - Max 60k] [Speed 20k/D]âš¡ï¸,Completed,0
27246997,2025-09-25 17:06:39,Number B,0.192367,0.0,35,13282 - Youtube Custom Comments | ğ—¨ğ—¦ğ—” | Speed 10k/D,Completed,0
27246985,2025-09-25 17:06:10,Number B,0.15225,0.0,350,7260 - Youtube Likes - [G30 - Max 60k] [Speed 20k/D]âš¡ï¸,Completed,0
27246475,2025-09-25 16:53:59,Number B,0.192367,0.0,35,13282 - Youtube Custom Comments | ğ—¨ğ—¦ğ—” | Speed 10k/D,Completed,0
27246473,2025-09-25 16:53:52,Number B,0.174,0.0,400,7260 - Youtube Likes - [G30 - Max 60k] [Speed 20k/D]âš¡ï¸,Completed,0
27246396,2025-09-25 16:48:06,Rainbow Number,0.192367,0.0,35,13282 - Youtube Custom Comments | ğ—¨ğ—¦ğ—” | Speed 10k/D,Completed,0
27246394,2025-09-25 16:47:55,Rainbow Number,0.15225,0.0,350,7260 - Youtube Likes - [G30 - Max 60k] [Speed 20k/D]âš¡ï¸,Completed,0
27246332,2025-09-25 16:42:32,Rainbow Number,0.192367,0.0,35,13282 - Youtube Custom Comments | ğ—¨ğ—¦ğ—” | Speed 10k/D,Completed,0
27246328,2025-09-25 16:42:16,Rainbow Number,0.1305,0.0,300,7260 - Youtube Likes - [G30 - Max 60k] [Speed 20k/D]âš¡ï¸,Completed,0
27246074,2025-09-25 16:19:33,Mini Toys World,0.054962,0.0,10,13282 - Youtube Custom Comments | ğ—¨ğ—¦ğ—” | Speed 10k/D,Completed,0
27246073,2025-09-25 16:19:18,Mini Toys World,0.03045,0.0,70,7260 - Youtube Likes - [G30 - Max 60k] [Speed 20k/D]âš¡ï¸,Completed,0
27246055,2025-09-25 16:16:28,Thomas & Friends World,0.0174,0.0,40,7260 - Youtube Likes - [G30 - Max 60k] [Speed 20k/D]âš¡ï¸,Completed,0
27246030,2025-09-25 16:13:58,Thomas Satisfying,0.0174,0.0,40,7260 - Youtube Likes - [G30 - Max 60k] [Speed 20k/D]âš¡ï¸,Completed,0
27245994,2025-09-25 16:08:03,Tiny DIY Craft,0.15225,0.0,350,7260 - Youtube Likes - [G30 - Max 60k] [Speed 20k/D]âš¡ï¸,Completed,0
27245993,2025-09-25 16:08:01,Tiny DIY Craft,0.192367,0.0,35,13282 - Youtube Custom Comments | ğ—¨ğ—¦ğ—” | Speed 10k/D,Completed,0
27245524,2025-09-25 15:26:17,Funny Crushing Experiment,0.03045,0.0,70,7260 - Youtube Likes - [G30 - Max 60k] [Speed 20k/D]âš¡ï¸,Completed,0
27245444,2025-09-25 15:19:27,HP Crunchy,0.0174,0.0,40,7260 - Youtube Likes - [G30 - Max 60k] [Speed 20k/D]âš¡ï¸,Completed,0
27244506,2025-09-25 14:43:39,Rainbow Number,0.192367,0.0,35,13282 - Youtube Custom Comments | ğ—¨ğ—¦ğ—” | Speed 10k/D,Completed,0
27244441,2025-09-25 14:35:25,Tiny DIY Craft,0.192367,0.0,35,13282 - Youtube Custom Comments | ğ—¨ğ—¦ğ—” | Speed 10k/D,Completed,0
27244439,2025-09-25 14:35:04,Tiny DIY Craft,0.15225,0.0,350,7260 - Youtube Likes - [G30 - Max 60k] [Speed 20k/D]âš¡ï¸,Completed,0
27232481,2025-09-24 17:25:13,Thomas Satisfying,0.0156,0.0,40,7260 - Youtube Likes - [G30 - Max 60k] [Speed 20k/D]âš¡ï¸,Completed,0
27232348,2025-09-24 17:14:59,Rainbow Number,0.117,0.0,300,7260 - Youtube Likes - [G30 - Max 60k] [Speed 20k/D]âš¡ï¸,Completed,0
27232191,2025-09-24 17:04:40,Rainbow Number,0.192367,0.0,35,13282 - Youtube Custom Comments | ğ—¨ğ—¦ğ—” | Speed 10k/D,Completed,0
27232186,2025-09-24 17:04:29,Rainbow Number,0.117,0.0,300,7260 - Youtube Likes - [G30 - Max 60k] [Speed 20k/D]âš¡ï¸,Completed,0
27232009,2025-09-24 16:51:48,Number B,0.1365,0.0,350,7260 - Youtube Likes - [G30 - Max 60k] [Speed 20k/D]âš¡ï¸,Completed,0
27232008,2025-09-24 16:51:47,Number B,0.192367,0.0,35,13282 - Youtube Custom Comments | ğ—¨ğ—¦ğ—” | Speed 10k/D,Completed,0
27231931,2025-09-24 16:46:49,Number B,0.1365,0.0,350,7260 - Youtube Likes - [G30 - Max 60k] [Speed 20k/D]âš¡ï¸,Completed,0
27231930,2025-09-24 16:46:48,Number B,0.192367,0.0,35,13282 - Youtube Custom Comments | ğ—¨ğ—¦ğ—” | Speed 10k/D,Completed,0
27231841,2025-09-24 16:40:58,Number A,0.1365,0.0,350,7260 - Youtube Likes - [G30 - Max 60k] [Speed 20k/D]âš¡ï¸,Completed,0
27231840,2025-09-24 16:40:57,Number A,0.192367,0.0,35,13282 - Youtube Custom Comments | ğ—¨ğ—¦ğ—” | Speed 10k/D,Completed,0
27231816,2025-09-24 16:37:35,Number A,0.192367,0.0,35,13282 - Youtube Custom Comments | ğ—¨ğ—¦ğ—” | Speed 10k/D,Completed,0
27231813,2025-09-24 16:37:27,Number A,0.1365,0.0,350,7260 - Youtube Likes - [G30 - Max 60k] [Speed 20k/D]âš¡ï¸,Completed,0
27231660,2025-09-24 16:23:50,HP Mini DIY Tractor,0.1365,0.0,350,7260 - Youtube Likes - [G30 - Max 60k] [Speed 20k/D]âš¡ï¸,Completed,0
27231659,2025-09-24 16:23:49,HP Mini DIY Tractor,0.192367,0.0,35,13282 - Youtube Custom Comments | ğ—¨ğ—¦ğ—” | Speed 10k/D,Completed,0
27231628,2025-09-24 16:17:57,HP Mini DIY Tractor,0.1365,0.0,350,7260 - Youtube Likes - [G30 - Max 60k] [Speed 20k/D]âš¡ï¸,Completed,0
27231627,2025-09-24 16:17:55,HP Mini DIY Tractor,0.192367,0.0,35,13282 - Youtube Custom Comments | ğ—¨ğ—¦ğ—” | Speed 10k/D,Completed,0
27230573,2025-09-24 14:37:18,Mini Toys World,0.054962,0.0,10,13282 - Youtube Custom Comments | ğ—¨ğ—¦ğ—” | Speed 10k/D,Completed,0
27230569,2025-09-24 14:36:49,Mini Toys World,0.039,0.0,100,7260 - Youtube Likes - [G30 - Max 60k] [Speed 20k/D]âš¡ï¸,Completed,0
27229081,2025-09-24 11:58:49,Thomas & Friends World,0.0117,0.0,30,7260 - Youtube Likes - [G30 - Max 60k] [Speed 20k/D]âš¡ï¸,Completed,0
27228824,2025-09-24 11:30:39,HP Crunchy,0.0156,0.0,40,7260 - Youtube Likes - [G30 - Max 60k] [Speed 20k/D]âš¡ï¸,Completed,0
27228784,2025-09-24 11:24:54,Funny Crushing Experiment,0.0273,0.0,70,7260 - Youtube Likes - [G30 - Max 60k] [Speed 20k/D]âš¡ï¸,Completed,0
27228761,2025-09-24 11:21:27,Funny Crushing Experiment,0.039,0.0,100,7260 - Youtube Likes - [G30 - Max 60k] [Speed 20k/D]âš¡ï¸,Completed,0
27228738,2025-09-24 11:18:42,Thomas Satisfying,0.0156,0.0,40,7260 - Youtube Likes - [G30 - Max 60k] [Speed 20k/D]âš¡ï¸,Completed,0
27228702,2025-09-24 11:14:19,Thomas & Friends World,0.0156,0.0,40,7260 - Youtube Likes - [G30 - Max 60k] [Speed 20k/D]âš¡ï¸,Completed,0
27228449,2025-09-24 10:57:48,Mini Toys World,0.054962,0.0,10,13282 - Youtube Custom Comments | ğ—¨ğ—¦ğ—” | Speed 10k/D,Completed,0
27228448,2025-09-24 10:57:39,Mini Toys World,0.039,0.0,100,7260 - Youtube Likes - [G30 - Max 60k] [Speed 20k/D]âš¡ï¸,Completed,0
27228077,2025-09-24 10:16:47,Rainbow Number,0.192367,0.0,35,13282 - Youtube Custom Comments | ğ—¨ğ—¦ğ—” | Speed 10k/D,Completed,0
27228074,2025-09-24 10:16:33,Rainbow Number,0.0975,0.0,250,7260 - Youtube Likes - [G30 - Max 60k] [Speed 20k/D]âš¡ï¸,Completed,0
27227912,2025-09-24 10:09:24,Number B,0.192367,0.0,35,13282 - Youtube Custom Comments | ğ—¨ğ—¦ğ—” | Speed 10k/D,Completed,0
27227910,2025-09-24 10:09:05,Number B,0.1365,0.0,350,7260 - Youtube Likes - [G30 - Max 60k] [Speed 20k/D]âš¡ï¸,Completed,0
27227754,2025-09-24 09:55:03,Number A,0.192367,0.0,35,13282 - Youtube Custom Comments | ğ—¨ğ—¦ğ—” | Speed 10k/D,Completed,0
27227751,2025-09-24 09:54:54,Number A,0.1365,0.0,350,7260 - Youtube Likes - [G30 - Max 60k] [Speed 20k/D]âš¡ï¸,Completed,0
27217214,2025-09-23 15:56:00,Number A,0.192367,38.0,35,13282 - Youtube Custom Comments | ğ—¨ğ—¦ğ—” | Speed 10k/D,Completed,0
27217212,2025-09-23 15:55:42,HP Mini DIY Tractor,0.156,0.0,400,7260 - Youtube Likes - [G30 - Max 60k] [Speed 20k/D]âš¡ï¸,Completed,0
27213957,2025-09-23 10:13:11,Tiny DIY Craft,0.192367,0.0,35,13282 - Youtube Custom Comments | ğ—¨ğ—¦ğ—” | Speed 10k/D,Completed,0
27213954,2025-09-23 10:12:49,Tiny DIY Craft,0.234,0.0,600,7260 - Youtube Likes - [G30 - Max 60k] [Speed 20k/D]âš¡ï¸,Completed,0
27213896,2025-09-23 10:04:15,Rainbow Number,0.039,293.0,100,7260 - Youtube Likes - [G30 - Max 60k] [Speed 20k/D]âš¡ï¸,Completed,0
27213892,2025-09-23 10:03:51,Number B,0.039,404.0,100,7260 - Youtube Likes - [G30 - Max 60k] [Speed 20k/D]âš¡ï¸,Completed,0
27213882,2025-09-23 10:03:18,Number A,0.039,405.0,100,7260 - Youtube Likes - [G30 - Max 60k] [Speed 20k/D]âš¡ï¸,Completed,0
27203582,2025-09-22 16:42:36,Number A,0.3576,196.0,300,6173 - ğ˜ğ¨ğ®ğ“ğ®ğ›ğ Real Likes | 50K/Day | USA ğŸ‡ºğŸ‡¸ | Non-Drop | G30 - 50K â™»ï¸ | Instant,Completed,0
27203270,2025-09-22 16:14:10,HP Crunchy,0.0156,0.0,40,7260 - Youtube Likes - [G30 - Max 60k] [Speed 20k/D]âš¡ï¸,Completed,0
27203223,2025-09-22 16:10:43,Funny Crushing Experiment,0.039,0.0,100,7260 - Youtube Likes - [G30 - Max 60k] [Speed 20k/D]âš¡ï¸,Completed,0
27203033,2025-09-22 15:59:09,Thomas Satisfying,0.0156,0.0,40,7260 - Youtube Likes - [G30 - Max 60k] [Speed 20k/D]âš¡ï¸,Completed,0
27202670,2025-09-22 15:34:57,Thomas & Friends World,0.0156,0.0,40,7260 - Youtube Likes - [G30 - Max 60k] [Speed 20k/D]âš¡ï¸,Completed,0
27202633,2025-09-22 15:30:19,Mini Toys World,0.192367,0.0,35,13282 - Youtube Custom Comments | ğ—¨ğ—¦ğ—” | Speed 10k/D,Completed,0
27202631,2025-09-22 15:30:10,Mini Toys World,0.039,0.0,100,7260 - Youtube Likes - [G30 - Max 60k] [Speed 20k/D]âš¡ï¸,Completed,0
27202498,2025-09-22 15:14:57,Rainbow Number,0.1978632,0.0,36,13282 - Youtube Custom Comments | ğ—¨ğ—¦ğ—” | Speed 10k/D,Completed,0
27202490,2025-09-22 15:14:38,Rainbow Number,0.078,0.0,200,7260 - Youtube Likes - [G30 - Max 60k] [Speed 20k/D]âš¡ï¸,Completed,0
27202383,2025-09-22 15:07:17,Rainbow Number,0.192367,0.0,35,13282 - Youtube Custom Comments | ğ—¨ğ—¦ğ—” | Speed 10k/D,Completed,0
27202381,2025-09-22 15:07:03,Rainbow Number,0.078,0.0,200,7260 - Youtube Likes - [G30 - Max 60k] [Speed 20k/D]âš¡ï¸,Completed,0
27202240,2025-09-22 14:56:26,Number B,0.109924,0.0,20,13282 - Youtube Custom Comments | ğ—¨ğ—¦ğ—” | Speed 10k/D,Completed,0
27202233,2025-09-22 14:56:01,Number B,0.1365,0.0,350,7260 - Youtube Likes - [G30 - Max 60k] [Speed 20k/D]âš¡ï¸,Completed,0
27202170,2025-09-22 14:50:29,Number B,0.2033594,0.0,37,13282 - Youtube Custom Comments | ğ—¨ğ—¦ğ—” | Speed 10k/D,Completed,0
27202147,2025-09-22 14:49:22,Number B,0.1365,0.0,350,7260 - Youtube Likes - [G30 - Max 60k] [Speed 20k/D]âš¡ï¸,Completed,0
27202096,2025-09-22 14:43:58,Number A,0.1978632,0.0,36,13282 - Youtube Custom Comments | ğ—¨ğ—¦ğ—” | Speed 10k/D,Completed,0
27202094,2025-09-22 14:43:47,Number A,0.1365,0.0,350,7260 - Youtube Likes - [G30 - Max 60k] [Speed 20k/D]âš¡ï¸,Completed,0
27202021,2025-09-22 14:36:07,Number A,0.1978632,0.0,36,13282 - Youtube Custom Comments | ğ—¨ğ—¦ğ—” | Speed 10k/D,Completed,0
27202019,2025-09-22 14:35:55,Number A,0.0,0.0,300,7260 - Youtube Likes - [G30 - Max 60k] [Speed 20k/D]âš¡ï¸,Canceled,300
27201785,2025-09-22 14:24:41,HP Mini DIY Tractor,0.1978632,0.0,36,13282 - Youtube Custom Comments | ğ—¨ğ—¦ğ—” | Speed 10k/D,Completed,0
27201781,2025-09-22 14:24:25,HP Mini DIY Tractor,0.195,0.0,500,7260 - Youtube Likes - [G30 - Max 60k] [Speed 20k/D]âš¡ï¸,Completed,0
27201659,2025-09-22 14:06:59,HP Mini DIY Tractor,0.192367,0.0,35,13282 - Youtube Custom Comments | ğ—¨ğ—¦ğ—” | Speed 10k/D,Completed,0
27201656,2025-09-22 14:06:37,HP Mini DIY Tractor,0.195,0.0,500,7260 - Youtube Likes - [G30 - Max 60k] [Speed 20k/D]âš¡ï¸,Completed,0
27173373,2025-09-20 11:51:44,Tiny DIY Craft,0.192367,0.0,35,13282 - Youtube Custom Comments | ğ—¨ğ—¦ğ—” | Speed 10k/D,Completed,0
27173368,2025-09-20 11:51:15,Tiny DIY Craft,0.195,0.0,500,7260 - Youtube Likes - [G30 - Max 60k] [Speed 20k/D]âš¡ï¸,Completed,0
27172434,2025-09-20 10:01:31,HP Mini DIY Tractor,0.192367,0.0,35,13282 - Youtube Custom Comments | ğ—¨ğ—¦ğ—” | Speed 10k/D,Completed,0
27172423,2025-09-20 10:01:21,HP Mini DIY Tractor,0.2145,0.0,550,7260 - Youtube Likes - [G30 - Max 60k] [Speed 20k/D]âš¡ï¸,Completed,0
27172093,2025-09-20 09:27:20,HP Mini DIY Tractor,0.192367,0.0,35,13282 - Youtube Custom Comments | ğ—¨ğ—¦ğ—” | Speed 10k/D,Completed,0
27172092,2025-09-20 09:27:06,HP Mini DIY Tractor,0.195,0.0,500,7260 - Youtube Likes - [G30 - Max 60k] [Speed 20k/D]âš¡ï¸,Completed,0
27159742,2025-09-19 14:15:30,Funny Crushing Experiment,0.0585,0.0,150,7260 - Youtube Likes - [G30 - Max 60k] [Speed 20k/D]âš¡ï¸,Completed,0
27159544,2025-09-19 14:01:07,HP Crunchy,0.0156,0.0,40,7260 - Youtube Likes - [G30 - Max 60k] [Speed 20k/D]âš¡ï¸,Completed,0
27159521,2025-09-19 13:59:35,HP Crunchy,0.0156,0.0,40,7260 - Youtube Likes - [G30 - Max 60k] [Speed 20k/D]âš¡ï¸,Completed,0
27149412,2025-09-18 22:00:45,Rainbow Number,0.0156,401.0,40,7260 - Youtube Likes - [G30 - Max 60k] [Speed 20k/D]âš¡ï¸,Completed,0
27149408,2025-09-18 22:00:36,Rainbow Number,0.0156,428.0,40,7260 - Youtube Likes - [G30 - Max 60k] [Speed 20k/D]âš¡ï¸,Completed,0
27149405,2025-09-18 22:00:26,Rainbow Number,0.0156,416.0,40,7260 - Youtube Likes - [G30 - Max 60k] [Speed 20k/D]âš¡ï¸,Completed,0
27149383,2025-09-18 21:57:11,Number A,0.0156,624.0,40,7260 - Youtube Likes - [G30 - Max 60k] [Speed 20k/D]âš¡ï¸,Completed,0
27149379,2025-09-18 21:56:58,Number A,0.0156,610.0,40,7260 - Youtube Likes - [G30 - Max 60k] [Speed 20k/D]âš¡ï¸,Completed,0
27149337,2025-09-18 21:53:08,HP Mini DIY Tractor,0.039,586.0,100,7260 - Youtube Likes - [G30 - Max 60k] [Speed 20k/D]âš¡ï¸,Completed,0
27145964,2025-09-18 17:10:44,Tiny DIY Craft,0.156,0.0,400,7260 - Youtube Likes - [G30 - Max 60k] [Speed 20k/D]âš¡ï¸,Completed,0
27145741,2025-09-18 16:57:44,Thomas Satisfying,0.0156,0.0,40,7260 - Youtube Likes - [G30 - Max 60k] [Speed 20k/D]âš¡ï¸,Completed,0
27145651,2025-09-18 16:52:37,Thomas & Friends World,0.0156,0.0,40,7260 - Youtube Likes - [G30 - Max 60k] [Speed 20k/D]âš¡ï¸,Completed,0
27145561,2025-09-18 16:43:45,Mini Toys World,0.054962,0.0,10,13282 - Youtube Custom Comments | ğ—¨ğ—¦ğ—” | Speed 10k/D,Completed,0
27145556,2025-09-18 16:43:19,Mini Toys World,0.039,0.0,100,7260 - Youtube Likes - [G30 - Max 60k] [Speed 20k/D]âš¡ï¸,Completed,0
27145245,2025-09-18 16:22:25,Rainbow Number,0.156,0.0,400,7260 - Youtube Likes - [G30 - Max 60k] [Speed 20k/D]âš¡ï¸,Completed,0
27145242,2025-09-18 16:22:23,Rainbow Number,0.192367,0.0,35,13282 - Youtube Custom Comments | ğ—¨ğ—¦ğ—” | Speed 10k/D,Completed,0
27145002,2025-09-18 16:17:34,Rainbow Number,0.192367,0.0,35,13282 - Youtube Custom Comments | ğ—¨ğ—¦ğ—” | Speed 10k/D,Completed,0
27144998,2025-09-18 16:17:24,Rainbow Number,0.156,0.0,400,7260 - Youtube Likes - [G30 - Max 60k] [Speed 20k/D]âš¡ï¸,Completed,0
27144949,2025-09-18 16:13:01,Rainbow Number,0.192367,0.0,35,13282 - Youtube Custom Comments | ğ—¨ğ—¦ğ—” | Speed 10k/D,Completed,0
27144942,2025-09-18 16:12:25,Rainbow Number,0.156,0.0,400,7260 - Youtube Likes - [G30 - Max 60k] [Speed 20k/D]âš¡ï¸,Completed,0
27144881,2025-09-18 16:06:20,Number A,0.1978632,0.0,36,13282 - Youtube Custom Comments | ğ—¨ğ—¦ğ—” | Speed 10k/D,Completed,0
27144860,2025-09-18 16:05:06,Number B,0.234,0.0,600,7260 - Youtube Likes - [G30 - Max 60k] [Speed 20k/D]âš¡ï¸,Completed,0
27144859,2025-09-18 16:05:04,Number B,0.1978632,0.0,36,13282 - Youtube Custom Comments | ğ—¨ğ—¦ğ—” | Speed 10k/D,Completed,0
27144741,2025-09-18 15:55:46,Number B,0.234,0.0,600,7260 - Youtube Likes - [G30 - Max 60k] [Speed 20k/D]âš¡ï¸,Completed,0
27144740,2025-09-18 15:55:45,Number B,0.192367,0.0,35,13282 - Youtube Custom Comments | ğ—¨ğ—¦ğ—” | Speed 10k/D,Completed,0
27144665,2025-09-18 15:51:16,Number B,0.234,0.0,600,7260 - Youtube Likes - [G30 - Max 60k] [Speed 20k/D]âš¡ï¸,Completed,0
27144664,2025-09-18 15:51:10,Number B,0.1978632,0.0,36,13282 - Youtube Custom Comments | ğ—¨ğ—¦ğ—” | Speed 10k/D,Completed,0
27144660,2025-09-18 15:50:35,Number A,0.1978632,0.0,36,13282 - Youtube Custom Comments | ğ—¨ğ—¦ğ—” | Speed 10k/D,Completed,0
27144567,2025-09-18 15:42:28,Number A,0.234,0.0,600,7260 - Youtube Likes - [G30 - Max 60k] [Speed 20k/D]âš¡ï¸,Completed,0
27144263,2025-09-18 15:12:00,Number A,0.234,0.0,600,7260 - Youtube Likes - [G30 - Max 60k] [Speed 20k/D]âš¡ï¸,Completed,0
27144262,2025-09-18 15:11:57,Number A,0.1978632,0.0,36,13282 - Youtube Custom Comments | ğ—¨ğ—¦ğ—” | Speed 10k/D,Completed,0
27144052,2025-09-18 15:01:23,Number A,0.234,0.0,600,7260 - Youtube Likes - [G30 - Max 60k] [Speed 20k/D]âš¡ï¸,Completed,0
27143989,2025-09-18 14:52:49,HP Mini DIY Tractor,0.192367,0.0,35,13282 - Youtube Custom Comments | ğ—¨ğ—¦ğ—” | Speed 10k/D,Completed,0
27143987,2025-09-18 14:52:32,HP Mini DIY Tractor,0.195,0.0,500,7260 - Youtube Likes - [G30 - Max 60k] [Speed 20k/D]âš¡ï¸,Completed,0
27117219,2025-09-16 17:23:44,Rainbow Number,0.039,229.0,100,7260 - Youtube Likes - [G30 - Max 60k] [Speed 20k/D]âš¡ï¸,Completed,0
27117146,2025-09-16 17:18:42,Rainbow Number,0.039,409.0,100,7260 - Youtube Likes - [G30 - Max 60k] [Speed 20k/D]âš¡ï¸,Completed,0
27117143,2025-09-16 17:18:29,Rainbow Number,0.0585,0.0,150,7260 - Youtube Likes - [G30 - Max 60k] [Speed 20k/D]âš¡ï¸,Completed,0
27117124,2025-09-16 17:17:05,Number B,0.039,596.0,100,7260 - Youtube Likes - [G30 - Max 60k] [Speed 20k/D]âš¡ï¸,Completed,0
27117117,2025-09-16 17:16:43,Number B,0.0585,396.0,150,7260 - Youtube Likes - [G30 - Max 60k] [Speed 20k/D]âš¡ï¸,Completed,0
27116969,2025-09-16 17:09:06,Tiny DIY Craft,0.109924,0.0,20,13282 - Youtube Custom Comments | ğ—¨ğ—¦ğ—” | Speed 10k/D,Completed,0
27116961,2025-09-16 17:08:20,Tiny DIY Craft,0.1755,0.0,450,7260 - Youtube Likes - [G30 - Max 60k] [Speed 20k/D]âš¡ï¸,Completed,0
27116624,2025-09-16 16:50:55,HP Crunchy,0.0156,0.0,40,7260 - Youtube Likes - [G30 - Max 60k] [Speed 20k/D]âš¡ï¸,Completed,0
27116582,2025-09-16 16:47:55,Funny Crushing Experiment,0.0585,0.0,150,7260 - Youtube Likes - [G30 - Max 60k] [Speed 20k/D]âš¡ï¸,Completed,0
27116354,2025-09-16 16:21:52,Thomas Satisfying,0.0156,0.0,40,7260 - Youtube Likes - [G30 - Max 60k] [Speed 20k/D]âš¡ï¸,Completed,0
27116327,2025-09-16 16:18:36,Thomas & Friends World,0.0156,0.0,40,7260 - Youtube Likes - [G30 - Max 60k] [Speed 20k/D]âš¡ï¸,Completed,0
27116283,2025-09-16 16:12:55,Mini Toys World,0.054962,0.0,10,13282 - Youtube Custom Comments | ğ—¨ğ—¦ğ—” | Speed 10k/D,Completed,0
27116282,2025-09-16 16:12:27,Mini Toys World,0.0585,0.0,150,7260 - Youtube Likes - [G30 - Max 60k] [Speed 20k/D]âš¡ï¸,Completed,0
27116187,2025-09-16 16:04:34,Rainbow Number,0.192367,0.0,35,13282 - Youtube Custom Comments | ğ—¨ğ—¦ğ—” | Speed 10k/D,Completed,0
27116184,2025-09-16 16:04:26,Rainbow Number,0.1365,0.0,350,7260 - Youtube Likes - [G30 - Max 60k] [Speed 20k/D]âš¡ï¸,Completed,0
27116070,2025-09-16 15:58:55,Rainbow Number,0.192367,0.0,35,13282 - Youtube Custom Comments | ğ—¨ğ—¦ğ—” | Speed 10k/D,Completed,0
27116067,2025-09-16 15:58:45,Rainbow Number,0.117,0.0,300,7260 - Youtube Likes - [G30 - Max 60k] [Speed 20k/D]âš¡ï¸,Completed,0
27115836,2025-09-16 15:30:23,Rainbow Number,0.192367,0.0,35,13282 - Youtube Custom Comments | ğ—¨ğ—¦ğ—” | Speed 10k/D,Completed,0
27115832,2025-09-16 15:29:58,Rainbow Number,0.0585,0.0,150,7260 - Youtube Likes - [G30 - Max 60k] [Speed 20k/D]âš¡ï¸,Completed,0
27115764,2025-09-16 15:21:55,Number B,0.192367,0.0,35,13282 - Youtube Custom Comments | ğ—¨ğ—¦ğ—” | Speed 10k/D,Completed,0
27115760,2025-09-16 15:21:41,Number B,0.117,0.0,300,7260 - Youtube Likes - [G30 - Max 60k] [Speed 20k/D]âš¡ï¸,Completed,0
27115726,2025-09-16 15:17:24,Number B,0.192367,0.0,35,13282 - Youtube Custom Comments | ğ—¨ğ—¦ğ—” | Speed 10k/D,Completed,0
27115716,2025-09-16 15:16:35,Number B,0.117,0.0,300,7260 - Youtube Likes - [G30 - Max 60k] [Speed 20k/D]âš¡ï¸,Completed,0
27115604,2025-09-16 15:05:22,Number B,0.273,0.0,700,7260 - Youtube Likes - [G30 - Max 60k] [Speed 20k/D]âš¡ï¸,Completed,0
27115603,2025-09-16 15:05:18,Number B,0.192367,0.0,35,13282 - Youtube Custom Comments | ğ—¨ğ—¦ğ—” | Speed 10k/D,Completed,0
27115502,2025-09-16 14:57:16,Number A,0.192367,0.0,35,13282 - Youtube Custom Comments | ğ—¨ğ—¦ğ—” | Speed 10k/D,Completed,0
27115501,2025-09-16 14:57:14,Number A,0.273,0.0,700,7260 - Youtube Likes - [G30 - Max 60k] [Speed 20k/D]âš¡ï¸,Completed,0
27115372,2025-09-16 14:40:37,Number A,0.192367,0.0,35,13282 - Youtube Custom Comments | ğ—¨ğ—¦ğ—” | Speed 10k/D,Completed,0
27115370,2025-09-16 14:40:28,Number A,0.273,0.0,700,7260 - Youtube Likes - [G30 - Max 60k] [Speed 20k/D]âš¡ï¸,Completed,0
27115269,2025-09-16 14:33:19,Number A,0.192367,0.0,35,13282 - Youtube Custom Comments | ğ—¨ğ—¦ğ—” | Speed 10k/D,Completed,0
27115265,2025-09-16 14:33:08,Number A,0.273,0.0,700,7260 - Youtube Likes - [G30 - Max 60k] [Speed 20k/D]âš¡ï¸,Completed,0
27115169,2025-09-16 14:25:54,HP Mini DIY Tractor,0.273,0.0,700,7260 - Youtube Likes - [G30 - Max 60k] [Speed 20k/D]âš¡ï¸,Completed,0
27115167,2025-09-16 14:25:52,HP Mini DIY Tractor,0.192367,0.0,35,13282 - Youtube Custom Comments | ğ—¨ğ—¦ğ—” | Speed 10k/D,Completed,0
27115017,2025-09-16 14:09:09,HP Mini DIY Tractor,0.192367,0.0,35,13282 - Youtube Custom Comments | ğ—¨ğ—¦ğ—” | Speed 10k/D,Completed,0
27115011,2025-09-16 14:08:59,HP Mini DIY Tractor,0.273,0.0,700,7260 - Youtube Likes - [G30 - Max 60k] [Speed 20k/D]âš¡ï¸,Completed,0
27114829,2025-09-16 13:51:00,HP Mini DIY Tractor,0.192367,0.0,35,13282 - Youtube Custom Comments | ğ—¨ğ—¦ğ—” | Speed 10k/D,Completed,0
27114828,2025-09-16 13:50:48,HP Mini DIY Tractor,0.273,0.0,700,7260 - Youtube Likes - [G30 - Max 60k] [Speed 20k/D]âš¡ï¸,Completed,0
27102745,2025-09-15 17:11:35,Mini Toys World,0.054962,0.0,10,13282 - Youtube Custom Comments | ğ—¨ğ—¦ğ—” | Speed 10k/D,Completed,0
27102739,2025-09-15 17:11:14,Mini Toys World,0.0585,0.0,150,7260 - Youtube Likes - [G30 - Max 60k] [Speed 20k/D]âš¡ï¸,Completed,0
27102644,2025-09-15 17:05:58,Thomas & Friends World,0.0156,0.0,40,7260 - Youtube Likes - [G30 - Max 60k] [Speed 20k/D]âš¡ï¸,Completed,0
27102581,2025-09-15 17:03:29,Thomas Satisfying,0.0156,0.0,40,7260 - Youtube Likes - [G30 - Max 60k] [Speed 20k/D]âš¡ï¸,Completed,0
27102374,2025-09-15 16:51:50,Funny Crushing Experiment,0.0585,0.0,150,7260 - Youtube Likes - [G30 - Max 60k] [Speed 20k/D]âš¡ï¸,Completed,0
27101939,2025-09-15 16:11:52,HP Crunchy,0.0156,0.0,40,7260 - Youtube Likes - [G30 - Max 60k] [Speed 20k/D]âš¡ï¸,Completed,0
27101585,2025-09-15 15:36:21,Rainbow Number,0.1758784,0.0,32,13282 - Youtube Custom Comments | ğ—¨ğ—¦ğ—” | Speed 10k/D,Completed,0
27101582,2025-09-15 15:35:02,Rainbow Number,0.1755,0.0,450,7260 - Youtube Likes - [G30 - Max 60k] [Speed 20k/D]âš¡ï¸,Completed,0
27101496,2025-09-15 15:25:51,Number B,0.1813746,0.0,33,13282 - Youtube Custom Comments | ğ—¨ğ—¦ğ—” | Speed 10k/D,Completed,0
27101492,2025-09-15 15:25:39,Number B,0.273,0.0,700,7260 - Youtube Likes - [G30 - Max 60k] [Speed 20k/D]âš¡ï¸,Completed,0
27101400,2025-09-15 15:12:51,Number A,0.273,0.0,700,7260 - Youtube Likes - [G30 - Max 60k] [Speed 20k/D]âš¡ï¸,Completed,0
27101399,2025-09-15 15:12:49,Number A,0.192367,0.0,35,13282 - Youtube Custom Comments | ğ—¨ğ—¦ğ—” | Speed 10k/D,Completed,0
27101203,2025-09-15 14:56:15,HP Mini DIY Tractor,0.192367,0.0,35,13282 - Youtube Custom Comments | ğ—¨ğ—¦ğ—” | Speed 10k/D,Completed,0
27101200,2025-09-15 14:55:57,HP Mini DIY Tractor,0.273,0.0,700,7260 - Youtube Likes - [G30 - Max 60k] [Speed 20k/D]âš¡ï¸,Completed,0
27052397,2025-09-11 17:28:26,Rainbow Number,0.195,0.0,500,7260 - Youtube Likes - [G30 - Max 60k] [Speed 20k/D]âš¡ï¸,Completed,0
27052396,2025-09-11 17:28:24,Rainbow Number,0.192367,0.0,35,13282 - Youtube Custom Comments | ğ—¨ğ—¦ğ—” | Speed 10k/D,Completed,0
27052223,2025-09-11 17:14:47,Rainbow Number,0.195,0.0,500,7260 - Youtube Likes - [G30 - Max 60k] [Speed 20k/D]âš¡ï¸,Completed,0
27052220,2025-09-11 17:14:45,Rainbow Number,0.192367,0.0,35,13282 - Youtube Custom Comments | ğ—¨ğ—¦ğ—” | Speed 10k/D,Completed,0
27052095,2025-09-11 17:06:07,Number B,0.2925,0.0,750,7260 - Youtube Likes - [G30 - Max 60k] [Speed 20k/D]âš¡ï¸,Completed,0
27052093,2025-09-11 17:05:59,Number B,0.192367,0.0,35,13282 - Youtube Custom Comments | ğ—¨ğ—¦ğ—” | Speed 10k/D,Completed,0
27051921,2025-09-11 16:59:34,Number B,0.2925,0.0,750,7260 - Youtube Likes - [G30 - Max 60k] [Speed 20k/D]âš¡ï¸,Completed,0
27051919,2025-09-11 16:59:32,Number B,0.192367,0.0,35,13282 - Youtube Custom Comments | ğ—¨ğ—¦ğ—” | Speed 10k/D,Completed,0
27051873,2025-09-11 16:52:16,Number A,0.2925,0.0,750,7260 - Youtube Likes - [G30 - Max 60k] [Speed 20k/D]âš¡ï¸,Completed,0
27051872,2025-09-11 16:52:14,Number A,0.192367,0.0,35,13282 - Youtube Custom Comments | ğ—¨ğ—¦ğ—” | Speed 10k/D,Completed,0
27051778,2025-09-11 16:42:52,Number A,0.2925,0.0,750,7260 - Youtube Likes - [G30 - Max 60k] [Speed 20k/D]âš¡ï¸,Completed,0
27051777,2025-09-11 16:42:50,Number A,0.192367,0.0,35,13282 - Youtube Custom Comments | ğ—¨ğ—¦ğ—” | Speed 10k/D,Completed,0
27051698,2025-09-11 16:30:57,HP Mini DIY Tractor,0.192367,0.0,35,13282 - Youtube Custom Comments | ğ—¨ğ—¦ğ—” | Speed 10k/D,Completed,0
27051695,2025-09-11 16:30:45,HP Mini DIY Tractor,0.2925,0.0,750,7260 - Youtube Likes - [G30 - Max 60k] [Speed 20k/D]âš¡ï¸,Completed,0
27051603,2025-09-11 16:22:40,HP Mini DIY Tractor,0.2925,0.0,750,7260 - Youtube Likes - [G30 - Max 60k] [Speed 20k/D]âš¡ï¸,Completed,0
27051602,2025-09-11 16:22:39,HP Mini DIY Tractor,0.192367,0.0,35,13282 - Youtube Custom Comments | ğ—¨ğ—¦ğ—” | Speed 10k/D,Completed,0
27051406,2025-09-11 16:04:08,Tiny DIY Craft,0.192367,0.0,35,13282 - Youtube Custom Comments | ğ—¨ğ—¦ğ—” | Speed 10k/D,Completed,0
27051404,2025-09-11 16:03:58,Tiny DIY Craft,0.2925,0.0,750,7260 - Youtube Likes - [G30 - Max 60k] [Speed 20k/D]âš¡ï¸,Completed,0
27051293,2025-09-11 15:57:52,Tiny DIY Craft,0.192367,0.0,35,13282 - Youtube Custom Comments | ğ—¨ğ—¦ğ—” | Speed 10k/D,Completed,0
27051290,2025-09-11 15:57:41,Tiny DIY Craft,0.2925,0.0,750,7260 - Youtube Likes - [G30 - Max 60k] [Speed 20k/D]âš¡ï¸,Completed,0
27038901,2025-09-10 16:44:09,Mini Toys World,0.0585,0.0,150,7260 - Youtube Likes - [G30 - Max 60k] [Speed 20k/D]âš¡ï¸,Completed,0
27038900,2025-09-10 16:44:08,Mini Toys World,0.054962,0.0,10,13282 - Youtube Custom Comments | ğ—¨ğ—¦ğ—” | Speed 10k/D,Completed,0
27038854,2025-09-10 16:39:15,Thomas & Friends World,0.0156,0.0,40,7260 - Youtube Likes - [G30 - Max 60k] [Speed 20k/D]âš¡ï¸,Completed,0
27038833,2025-09-10 16:35:58,Thomas Satisfying,0.0156,0.0,40,7260 - Youtube Likes - [G30 - Max 60k] [Speed 20k/D]âš¡ï¸,Completed,0
27038674,2025-09-10 16:12:05,Funny Crushing Experiment,0.0585,0.0,150,7260 - Youtube Likes - [G30 - Max 60k] [Speed 20k/D]âš¡ï¸,Completed,0
27038622,2025-09-10 16:06:15,HP Crunchy,0.0156,0.0,40,7260 - Youtube Likes - [G30 - Max 60k] [Speed 20k/D]âš¡ï¸,Completed,0
27038246,2025-09-10 15:30:19,Funny Crushing Experiment,0.0585,0.0,150,7260 - Youtube Likes - [G30 - Max 60k] [Speed 20k/D]âš¡ï¸,Completed,0
27038118,2025-09-10 15:12:42,Thomas Satisfying,0.0156,0.0,40,7260 - Youtube Likes - [G30 - Max 60k] [Speed 20k/D]âš¡ï¸,Completed,0
27038085,2025-09-10 15:09:49,Thomas & Friends World,0.0156,0.0,40,7260 - Youtube Likes - [G30 - Max 60k] [Speed 20k/D]âš¡ï¸,Completed,0
27038040,2025-09-10 15:05:40,Mini Toys World,0.054962,0.0,10,13282 - Youtube Custom Comments | ğ—¨ğ—¦ğ—” | Speed 10k/D,Completed,0
27038034,2025-09-10 15:05:29,Mini Toys World,0.0585,0.0,150,7260 - Youtube Likes - [G30 - Max 60k] [Speed 20k/D]âš¡ï¸,Completed,0
27037725,2025-09-10 14:30:57,HP Mini DIY Tractor,0.2925,0.0,750,7260 - Youtube Likes - [G30 - Max 60k] [Speed 20k/D]âš¡ï¸,Completed,0
27037722,2025-09-10 14:30:55,HP Mini DIY Tractor,0.192367,0.0,35,13282 - Youtube Custom Comments | ğ—¨ğ—¦ğ—” | Speed 10k/D,Completed,0
27037662,2025-09-10 14:20:55,HP Mini DIY Tractor,0.192367,0.0,35,13282 - Youtube Custom Comments | ğ—¨ğ—¦ğ—” | Speed 10k/D,Completed,0
27037661,2025-09-10 14:20:44,HP Mini DIY Tractor,0.2925,0.0,750,7260 - Youtube Likes - [G30 - Max 60k] [Speed 20k/D]âš¡ï¸,Completed,0
27027146,2025-09-09 17:24:57,HP Crunchy,0.0156,0.0,40,7260 - Youtube Likes - [G30 - Max 60k] [Speed 20k/D]âš¡ï¸,Completed,0
27026779,2025-09-09 17:00:20,Rainbow Number,0.195,0.0,500,7260 - Youtube Likes - [G30 - Max 60k] [Speed 20k/D]âš¡ï¸,Completed,0
27026777,2025-09-09 17:00:19,Rainbow Number,0.1978632,0.0,36,13282 - Youtube Custom Comments | ğ—¨ğ—¦ğ—” | Speed 10k/D,Completed,0
27026709,2025-09-09 16:53:35,Rainbow Number,0.195,0.0,500,7260 - Youtube Likes - [G30 - Max 60k] [Speed 20k/D]âš¡ï¸,Completed,0
27026708,2025-09-09 16:53:33,Rainbow Number,0.192367,0.0,35,13282 - Youtube Custom Comments | ğ—¨ğ—¦ğ—” | Speed 10k/D,Completed,0
27026656,2025-09-09 16:45:45,Number B,0.192367,0.0,35,13282 - Youtube Custom Comments | ğ—¨ğ—¦ğ—” | Speed 10k/D,Completed,0
27026653,2025-09-09 16:45:36,Number B,0.2925,0.0,750,7260 - Youtube Likes - [G30 - Max 60k] [Speed 20k/D]âš¡ï¸,Completed,0
27026607,2025-09-09 16:41:16,Number B,0.2925,0.0,750,7260 - Youtube Likes - [G30 - Max 60k] [Speed 20k/D]âš¡ï¸,Completed,0
27026605,2025-09-09 16:41:15,Number B,0.1978632,0.0,36,13282 - Youtube Custom Comments | ğ—¨ğ—¦ğ—” | Speed 10k/D,Completed,0
27026413,2025-09-09 16:24:18,Number A,0.192367,0.0,35,13282 - Youtube Custom Comments | ğ—¨ğ—¦ğ—” | Speed 10k/D,Completed,0
27026410,2025-09-09 16:24:07,Number A,0.2925,0.0,750,7260 - Youtube Likes - [G30 - Max 60k] [Speed 20k/D]âš¡ï¸,Completed,0
27026407,2025-09-09 16:23:50,Number A,0.2925,0.0,750,7260 - Youtube Likes - [G30 - Max 60k] [Speed 20k/D]âš¡ï¸,Completed,0
27026350,2025-09-09 16:18:58,Number A,0.1978632,0.0,36,13282 - Youtube Custom Comments | ğ—¨ğ—¦ğ—” | Speed 10k/D,Completed,0
27025131,2025-09-09 14:23:30,Tiny DIY Craft,0.2033594,0.0,37,13282 - Youtube Custom Comments | ğ—¨ğ—¦ğ—” | Speed 10k/D,Completed,0
27025130,2025-09-09 14:23:29,Tiny DIY Craft,0.2925,0.0,750,7260 - Youtube Likes - [G30 - Max 60k] [Speed 20k/D]âš¡ï¸,Completed,0
27014347,2025-09-08 17:11:30,HP Crunchy,0.0156,0.0,40,7260 - Youtube Likes - [G30 - Max 60k] [Speed 20k/D]âš¡ï¸,Completed,0
27014249,2025-09-08 17:06:59,Funny Crushing Experiment,0.0585,0.0,150,7260 - Youtube Likes - [G30 - Max 60k] [Speed 20k/D]âš¡ï¸,Completed,0
27014080,2025-09-08 16:57:13,Funny Crushing Experiment,0.0585,0.0,150,7260 - Youtube Likes - [G30 - Max 60k] [Speed 20k/D]âš¡ï¸,Completed,0
27013812,2025-09-08 16:38:53,Thomas Satisfying,0.0156,0.0,40,7260 - Youtube Likes - [G30 - Max 60k] [Speed 20k/D]âš¡ï¸,Completed,0
27013779,2025-09-08 16:35:41,Thomas Satisfying,0.0156,0.0,40,7260 - Youtube Likes - [G30 - Max 60k] [Speed 20k/D]âš¡ï¸,Completed,0
27013745,2025-09-08 16:32:09,Thomas & Friends World,0.0156,0.0,40,7260 - Youtube Likes - [G30 - Max 60k] [Speed 20k/D]âš¡ï¸,Completed,0
27013689,2025-09-08 16:29:04,Thomas & Friends World,0.0156,0.0,40,7260 - Youtube Likes - [G30 - Max 60k] [Speed 20k/D]âš¡ï¸,Completed,0
27013658,2025-09-08 16:26:59,Mini Toys World,0.054962,0.0,10,13282 - Youtube Custom Comments | ğ—¨ğ—¦ğ—” | Speed 10k/D,Completed,0
27013654,2025-09-08 16:26:46,Mini Toys World,0.0585,0.0,150,7260 - Youtube Likes - [G30 - Max 60k] [Speed 20k/D]âš¡ï¸,Completed,0
27013610,2025-09-08 16:22:58,Mini Toys World,0.054962,0.0,10,13282 - Youtube Custom Comments | ğ—¨ğ—¦ğ—” | Speed 10k/D,Completed,0
27013609,2025-09-08 16:22:45,Mini Toys World,0.0585,0.0,150,7260 - Youtube Likes - [G30 - Max 60k] [Speed 20k/D]âš¡ï¸,Completed,0
27013402,2025-09-08 16:07:15,Rainbow Number,0.195,0.0,500,7260 - Youtube Likes - [G30 - Max 60k] [Speed 20k/D]âš¡ï¸,Completed,0
27013401,2025-09-08 16:07:14,Rainbow Number,0.1978632,0.0,36,13282 - Youtube Custom Comments | ğ—¨ğ—¦ğ—” | Speed 10k/D,Completed,0
27013365,2025-09-08 16:03:25,Rainbow Number,0.195,0.0,500,7260 - Youtube Likes - [G30 - Max 60k] [Speed 20k/D]âš¡ï¸,Completed,0
27013364,2025-09-08 16:03:23,Rainbow Number,0.192367,0.0,35,13282 - Youtube Custom Comments | ğ—¨ğ—¦ğ—” | Speed 10k/D,Completed,0
27013302,2025-09-08 15:58:54,Rainbow Number,0.1978632,0.0,36,13282 - Youtube Custom Comments | ğ—¨ğ—¦ğ—” | Speed 10k/D,Completed,0
27013301,2025-09-08 15:58:45,Rainbow Number,0.195,0.0,500,7260 - Youtube Likes - [G30 - Max 60k] [Speed 20k/D]âš¡ï¸,Completed,0
27013020,2025-09-08 15:29:22,Number B,0.2925,0.0,750,7260 - Youtube Likes - [G30 - Max 60k] [Speed 20k/D]âš¡ï¸,Completed,0
27013019,2025-09-08 15:29:21,Number B,0.192367,0.0,35,13282 - Youtube Custom Comments | ğ—¨ğ—¦ğ—” | Speed 10k/D,Completed,0
27012961,2025-09-08 15:23:50,Number B,0.2925,0.0,750,7260 - Youtube Likes - [G30 - Max 60k] [Speed 20k/D]âš¡ï¸,Completed,0
27012960,2025-09-08 15:23:48,Number B,0.1978632,0.0,36,13282 - Youtube Custom Comments | ğ—¨ğ—¦ğ—” | Speed 10k/D,Completed,0
27012827,2025-09-08 15:12:04,Number B,0.2925,0.0,750,7260 - Youtube Likes - [G30 - Max 60k] [Speed 20k/D]âš¡ï¸,Completed,0
27012826,2025-09-08 15:12:01,Number B,0.192367,0.0,35,13282 - Youtube Custom Comments | ğ—¨ğ—¦ğ—” | Speed 10k/D,Completed,0
27012724,2025-09-08 15:01:22,Number A,0.2925,0.0,750,7260 - Youtube Likes - [G30 - Max 60k] [Speed 20k/D]âš¡ï¸,Completed,0
27012721,2025-09-08 15:01:20,Number A,0.192367,0.0,35,13282 - Youtube Custom Comments | ğ—¨ğ—¦ğ—” | Speed 10k/D,Completed,0
27012595,2025-09-08 14:49:35,Number A,0.2925,0.0,750,7260 - Youtube Likes - [G30 - Max 60k] [Speed 20k/D]âš¡ï¸,Completed,0
27012594,2025-09-08 14:49:34,Number A,0.192367,0.0,35,13282 - Youtube Custom Comments | ğ—¨ğ—¦ğ—” | Speed 10k/D,Completed,0
27012461,2025-09-08 14:32:29,Number A,0.2925,0.0,750,7260 - Youtube Likes - [G30 - Max 60k] [Speed 20k/D]âš¡ï¸,Completed,0
27012460,2025-09-08 14:32:27,Number A,0.192367,0.0,35,13282 - Youtube Custom Comments | ğ—¨ğ—¦ğ—” | Speed 10k/D,Completed,0
27012370,2025-09-08 14:24:28,HP Mini DIY Tractor,0.1978632,0.0,36,13282 - Youtube Custom Comments | ğ—¨ğ—¦ğ—” | Speed 10k/D,Completed,0
27012369,2025-09-08 14:24:27,HP Mini DIY Tractor,0.2925,0.0,750,7260 - Youtube Likes - [G30 - Max 60k] [Speed 20k/D]âš¡ï¸,Completed,0
27011969,2025-09-08 14:05:37,HP Mini DIY Tractor,0.1978632,0.0,36,13282 - Youtube Custom Comments | ğ—¨ğ—¦ğ—” | Speed 10k/D,Completed,0
27011968,2025-09-08 14:05:35,HP Mini DIY Tractor,0.2925,0.0,750,7260 - Youtube Likes - [G30 - Max 60k] [Speed 20k/D]âš¡ï¸,Completed,0
27011809,2025-09-08 13:54:05,HP Mini DIY Tractor,0.2925,0.0,750,7260 - Youtube Likes - [G30 - Max 60k] [Speed 20k/D]âš¡ï¸,Completed,0
27011806,2025-09-08 13:54:04,HP Mini DIY Tractor,0.192367,0.0,35,13282 - Youtube Custom Comments | ğ—¨ğ—¦ğ—” | Speed 10k/D,Completed,0
26983827,2025-09-06 10:45:45,Tiny DIY Craft,0.2033594,0.0,37,13282 - Youtube Custom Comments | ğ—¨ğ—¦ğ—” | Speed 10k/D,Completed,0
26983824,2025-09-06 10:45:35,Tiny DIY Craft,0.2925,0.0,750,7260 - Youtube Likes - [G30 - Max 60k] [Speed 20k/D]âš¡ï¸,Completed,0
26974512,2025-09-05 17:27:34,HP Crunchy,0.0156,0.0,40,7260 - Youtube Likes - [G30 - Max 60k] [Speed 20k/D]âš¡ï¸,Completed,0
26974462,2025-09-05 17:23:38,Funny Crushing Experiment,0.0585,0.0,150,7260 - Youtube Likes - [G30 - Max 60k] [Speed 20k/D]âš¡ï¸,Completed,0
26973955,2025-09-05 16:57:46,Thomas Satisfying,0.0156,0.0,40,7260 - Youtube Likes - [G30 - Max 60k] [Speed 20k/D]âš¡ï¸,Completed,0
26973886,2025-09-05 16:54:55,Thomas & Friends World,0.0156,0.0,40,7260 - Youtube Likes - [G30 - Max 60k] [Speed 20k/D]âš¡ï¸,Completed,0
26973734,2025-09-05 16:42:11,Mini Toys World,0.054962,0.0,10,13282 - Youtube Custom Comments | ğ—¨ğ—¦ğ—” | Speed 10k/D,Completed,0
26973726,2025-09-05 16:41:44,Mini Toys World,0.0585,0.0,150,7260 - Youtube Likes - [G30 - Max 60k] [Speed 20k/D]âš¡ï¸,Completed,0
26973613,2025-09-05 16:31:12,Rainbow Number,0.195,0.0,500,7260 - Youtube Likes - [G30 - Max 60k] [Speed 20k/D]âš¡ï¸,Completed,0
26973609,2025-09-05 16:31:11,Rainbow Number,0.192367,0.0,35,13282 - Youtube Custom Comments | ğ—¨ğ—¦ğ—” | Speed 10k/D,Completed,0
26973527,2025-09-05 16:24:03,Rainbow Number,0.192367,0.0,35,13282 - Youtube Custom Comments | ğ—¨ğ—¦ğ—” | Speed 10k/D,Completed,0
26973522,2025-09-05 16:23:50,Rainbow Number,0.195,0.0,500,7260 - Youtube Likes - [G30 - Max 60k] [Speed 20k/D]âš¡ï¸,Completed,0
26973428,2025-09-05 16:17:17,Number B,0.192367,0.0,35,13282 - Youtube Custom Comments | ğ—¨ğ—¦ğ—” | Speed 10k/D,Completed,0
26973425,2025-09-05 16:17:04,Number B,0.2925,0.0,750,7260 - Youtube Likes - [G30 - Max 60k] [Speed 20k/D]âš¡ï¸,Completed,0
26973327,2025-09-05 16:10:03,Number B,0.2925,0.0,750,7260 - Youtube Likes - [G30 - Max 60k] [Speed 20k/D]âš¡ï¸,Completed,0
26973324,2025-09-05 16:10:02,Number B,0.192367,0.0,35,13282 - Youtube Custom Comments | ğ—¨ğ—¦ğ—” | Speed 10k/D,Completed,0
26973242,2025-09-05 16:04:29,Number A,0.2925,0.0,750,7260 - Youtube Likes - [G30 - Max 60k] [Speed 20k/D]âš¡ï¸,Completed,0
26973241,2025-09-05 16:04:27,Number A,0.192367,0.0,35,13282 - Youtube Custom Comments | ğ—¨ğ—¦ğ—” | Speed 10k/D,Completed,0
26972992,2025-09-05 15:50:06,HP Mini DIY Tractor,0.192367,0.0,35,13282 - Youtube Custom Comments | ğ—¨ğ—¦ğ—” | Speed 10k/D,Completed,0
26972990,2025-09-05 15:49:51,HP Mini DIY Tractor,0.2925,0.0,750,7260 - Youtube Likes - [G30 - Max 60k] [Speed 20k/D]âš¡ï¸,Completed,0
26972989,2025-09-05 15:49:45,HP Mini DIY Tractor,0.192367,0.0,35,13282 - Youtube Custom Comments | ğ—¨ğ—¦ğ—” | Speed 10k/D,Completed,0
26972986,2025-09-05 15:49:16,HP Mini DIY Tractor,0.2925,0.0,750,7260 - Youtube Likes - [G30 - Max 60k] [Speed 20k/D]âš¡ï¸,Completed,0
26959363,2025-09-04 17:24:29,Number A,0.2925,0.0,750,7260 - Youtube Likes - [G30 - Max 60k] [Speed 20k/D]âš¡ï¸,Completed,0
26959362,2025-09-04 17:24:26,Number A,0.1978632,0.0,36,13282 - Youtube Custom Comments | ğ—¨ğ—¦ğ—” | Speed 10k/D,Completed,0
26957464,2025-09-04 14:55:44,Tiny DIY Craft,0.1978632,0.0,36,13282 - Youtube Custom Comments | ğ—¨ğ—¦ğ—” | Speed 10k/D,Completed,0
26957462,2025-09-04 14:55:35,Tiny DIY Craft,0.2925,0.0,750,7260 - Youtube Likes - [G30 - Max 60k] [Speed 20k/D]âš¡ï¸,Completed,0
26946155,2025-09-03 17:29:35,HP Crunchy,0.0156,0.0,40,7260 - Youtube Likes - [G30 - Max 60k] [Speed 20k/D]âš¡ï¸,Completed,0
26946115,2025-09-03 17:26:35,Funny Crushing Experiment,0.0585,0.0,150,7260 - Youtube Likes - [G30 - Max 60k] [Speed 20k/D]âš¡ï¸,Completed,0
26945598,2025-09-03 16:47:55,Thomas Satisfying,0.0156,0.0,40,7260 - Youtube Likes - [G30 - Max 60k] [Speed 20k/D]âš¡ï¸,Completed,0
26945565,2025-09-03 16:45:16,Thomas & Friends World,0.0156,0.0,40,7260 - Youtube Likes - [G30 - Max 60k] [Speed 20k/D]âš¡ï¸,Completed,0
26945535,2025-09-03 16:40:59,Mini Toys World,0.054962,0.0,10,13282 - Youtube Custom Comments | ğ—¨ğ—¦ğ—” | Speed 10k/D,Completed,0
26945532,2025-09-03 16:40:38,Mini Toys World,0.0585,0.0,150,7260 - Youtube Likes - [G30 - Max 60k] [Speed 20k/D]âš¡ï¸,Completed,0
26945404,2025-09-03 16:29:30,Rainbow Number,0.195,0.0,500,7260 - Youtube Likes - [G30 - Max 60k] [Speed 20k/D]âš¡ï¸,Completed,0
26945403,2025-09-03 16:29:29,Rainbow Number,0.1978632,0.0,36,13282 - Youtube Custom Comments | ğ—¨ğ—¦ğ—” | Speed 10k/D,Completed,0
26945375,2025-09-03 16:23:51,Rainbow Number,0.192367,0.0,35,13282 - Youtube Custom Comments | ğ—¨ğ—¦ğ—” | Speed 10k/D,Completed,0
26945374,2025-09-03 16:23:40,Rainbow Number,0.195,0.0,500,7260 - Youtube Likes - [G30 - Max 60k] [Speed 20k/D]âš¡ï¸,Completed,0
26945280,2025-09-03 16:16:04,Number B,0.2925,0.0,750,7260 - Youtube Likes - [G30 - Max 60k] [Speed 20k/D]âš¡ï¸,Completed,0
26945279,2025-09-03 16:16:02,Number B,0.192367,0.0,35,13282 - Youtube Custom Comments | ğ—¨ğ—¦ğ—” | Speed 10k/D,Completed,0
26945220,2025-09-03 16:10:33,Number B,0.192367,0.0,35,13282 - Youtube Custom Comments | ğ—¨ğ—¦ğ—” | Speed 10k/D,Completed,0
26945217,2025-09-03 16:10:18,Number B,0.2925,0.0,750,7260 - Youtube Likes - [G30 - Max 60k] [Speed 20k/D]âš¡ï¸,Completed,0
26945082,2025-09-03 15:59:29,Number A,0.2925,0.0,750,7260 - Youtube Likes - [G30 - Max 60k] [Speed 20k/D]âš¡ï¸,Completed,0
26945081,2025-09-03 15:59:25,Number A,0.2033594,0.0,37,13282 - Youtube Custom Comments | ğ—¨ğ—¦ğ—” | Speed 10k/D,Completed,0
26944585,2025-09-03 15:34:14,Number A,0.2925,0.0,750,7260 - Youtube Likes - [G30 - Max 60k] [Speed 20k/D]âš¡ï¸,Completed,0
26944584,2025-09-03 15:34:12,Number A,0.2088556,0.0,38,13282 - Youtube Custom Comments | ğ—¨ğ—¦ğ—” | Speed 10k/D,Completed,0
26944357,2025-09-03 15:20:32,HP Mini DIY Tractor,0.2925,0.0,750,7260 - Youtube Likes - [G30 - Max 60k] [Speed 20k/D]âš¡ï¸,Completed,0
26944354,2025-09-03 15:20:30,HP Mini DIY Tractor,0.1978632,0.0,36,13282 - Youtube Custom Comments | ğ—¨ğ—¦ğ—” | Speed 10k/D,Completed,0
26944097,2025-09-03 15:01:23,HP Mini DIY Tractor,0.2925,0.0,750,7260 - Youtube Likes - [G30 - Max 60k] [Speed 20k/D]âš¡ï¸,Completed,0
26944096,2025-09-03 15:01:21,HP Mini DIY Tractor,0.192367,0.0,35,13282 - Youtube Custom Comments | ğ—¨ğ—¦ğ—” | Speed 10k/D,Completed,0
26943680,2025-09-03 14:13:11,Rainbow Number,0.195,0.0,500,7260 - Youtube Likes - [G30 - Max 60k] [Speed 20k/D]âš¡ï¸,Completed,0
26943679,2025-09-03 14:13:10,Rainbow Number,0.192367,0.0,35,13282 - Youtube Custom Comments | ğ—¨ğ—¦ğ—” | Speed 10k/D,Completed,0
26943549,2025-09-03 14:03:27,Number B,0.1978632,0.0,36,13282 - Youtube Custom Comments | ğ—¨ğ—¦ğ—” | Speed 10k/D,Completed,0
26943545,2025-09-03 14:03:04,Number B,0.2925,0.0,750,7260 - Youtube Likes - [G30 - Max 60k] [Speed 20k/D]âš¡ï¸,Completed,0
26927654,2025-09-02 10:42:43,Rainbow Number,0.315,0.0,35,11120 - Youtube Custom Comments - [ ğ—¨ğ—¦ğ—” ] [ Have Avatar ] [ Speed 10k/D ]âš¡ï¸â­,Completed,0
26927649,2025-09-02 10:42:20,Rainbow Number,0.195,0.0,500,7260 - Youtube Likes - [G30 - Max 60k] [Speed 20k/D]âš¡ï¸,Completed,0
26927636,2025-09-02 10:41:05,Number B,0.315,0.0,35,11120 - Youtube Custom Comments - [ ğ—¨ğ—¦ğ—” ] [ Have Avatar ] [ Speed 10k/D ]âš¡ï¸â­,Completed,0
26927632,2025-09-02 10:40:25,Number B,0.2925,0.0,750,7260 - Youtube Likes - [G30 - Max 60k] [Speed 20k/D]âš¡ï¸,Completed,0
26927626,2025-09-02 10:38:05,HP Mini DIY Tractor,0.324,0.0,36,11120 - Youtube Custom Comments - [ ğ—¨ğ—¦ğ—” ] [ Have Avatar ] [ Speed 10k/D ]âš¡ï¸â­,Completed,0
26927623,2025-09-02 10:36:22,Number A,0.306,0.0,34,11120 - Youtube Custom Comments - [ ğ—¨ğ—¦ğ—” ] [ Have Avatar ] [ Speed 10k/D ]âš¡ï¸â­,Completed,0
26927622,2025-09-02 10:36:20,Number A,0.2925,0.0,750,7260 - Youtube Likes - [G30 - Max 60k] [Speed 20k/D]âš¡ï¸,Completed,0
26925381,2025-09-02 04:16:09,Number A,0.2925,0.0,750,7260 - Youtube Likes - [G30 - Max 60k] [Speed 20k/D]âš¡ï¸,Completed,0
26925218,2025-09-02 03:59:00,Number A,0.315,0.0,35,11120 - Youtube Custom Comments - [ ğ—¨ğ—¦ğ—” ] [ Have Avatar ] [ Speed 10k/D ]âš¡ï¸â­,Completed,0
26925213,2025-09-02 03:58:13,Number A,0.315,0.0,35,11120 - Youtube Custom Comments - [ ğ—¨ğ—¦ğ—” ] [ Have Avatar ] [ Speed 10k/D ]âš¡ï¸â­,Completed,0
26925105,2025-09-02 03:35:46,HP Mini DIY Tractor,0.2925,0.0,750,7260 - Youtube Likes - [G30 - Max 60k] [Speed 20k/D]âš¡ï¸,Completed,0
26924948,2025-09-02 03:17:16,HP Mini DIY Tractor,0.324,0.0,36,11120 - Youtube Custom Comments - [ ğ—¨ğ—¦ğ—” ] [ Have Avatar ] [ Speed 10k/D ]âš¡ï¸â­,Completed,0
26924946,2025-09-02 03:16:49,HP Mini DIY Tractor,0.2925,0.0,750,7260 - Youtube Likes - [G30 - Max 60k] [Speed 20k/D]âš¡ï¸,Completed,0
26922072,2025-09-01 22:50:24,Mini Toys World,0.09,0.0,10,11120 - Youtube Custom Comments - [ ğ—¨ğ—¦ğ—” ] [ Have Avatar ] [ Speed 10k/D ]âš¡ï¸â­,Completed,0
26922068,2025-09-01 22:49:49,Mini Toys World,0.0585,0.0,150,7260 - Youtube Likes - [G30 - Max 60k] [Speed 20k/D]âš¡ï¸,Completed,0
26922019,2025-09-01 22:44:06,Thomas & Friends World,0.0156,0.0,40,7260 - Youtube Likes - [G30 - Max 60k] [Speed 20k/D]âš¡ï¸,Completed,0
26921996,2025-09-01 22:40:23,Thomas Satisfying,0.0156,0.0,40,7260 - Youtube Likes - [G30 - Max 60k] [Speed 20k/D]âš¡ï¸,Completed,0
26921978,2025-09-01 22:37:24,Tiny DIY Craft,0.324,0.0,36,11120 - Youtube Custom Comments - [ ğ—¨ğ—¦ğ—” ] [ Have Avatar ] [ Speed 10k/D ]âš¡ï¸â­,Completed,0
26921967,2025-09-01 22:37:07,Tiny DIY Craft,0.2925,0.0,750,7260 - Youtube Likes - [G30 - Max 60k] [Speed 20k/D]âš¡ï¸,Completed,0
26920955,2025-09-01 21:00:33,Funny Crushing Experiment,0.0585,0.0,150,7260 - Youtube Likes - [G30 - Max 60k] [Speed 20k/D]âš¡ï¸,Completed,0
26920862,2025-09-01 20:48:30,HP Crunchy,0.0156,0.0,40,7260 - Youtube Likes - [G30 - Max 60k] [Speed 20k/D]âš¡ï¸,Completed,0
26916902,2025-09-01 13:08:22,HP Crunchy,0.0156,0.0,40,7260 - Youtube Likes - [G30 - Max 60k] [Speed 20k/D]âš¡ï¸,Completed,0
26916729,2025-09-01 12:48:33,Rainbow Number,0.324,0.0,36,11120 - Youtube Custom Comments - [ ğ—¨ğ—¦ğ—” ] [ Have Avatar ] [ Speed 10k/D ]âš¡ï¸â­,Completed,0
26916728,2025-09-01 12:48:13,Rainbow Number,0.195,0.0,500,7260 - Youtube Likes - [G30 - Max 60k] [Speed 20k/D]âš¡ï¸,Completed,0
26916271,2025-09-01 11:56:40,Number B,0.2925,0.0,750,7260 - Youtube Likes - [G30 - Max 60k] [Speed 20k/D]âš¡ï¸,Completed,0
26916270,2025-09-01 11:56:38,Number B,0.315,0.0,35,11120 - Youtube Custom Comments - [ ğ—¨ğ—¦ğ—” ] [ Have Avatar ] [ Speed 10k/D ]âš¡ï¸â­,Completed,0
26916212,2025-09-01 11:48:20,Number A,0.2925,0.0,750,7260 - Youtube Likes - [G30 - Max 60k] [Speed 20k/D]âš¡ï¸,Completed,0
26916211,2025-09-01 11:48:18,Number A,0.315,0.0,35,11120 - Youtube Custom Comments - [ ğ—¨ğ—¦ğ—” ] [ Have Avatar ] [ Speed 10k/D ]âš¡ï¸â­,Completed,0
26916181,2025-09-01 11:43:45,HP Mini DIY Tractor,0.315,0.0,35,11120 - Youtube Custom Comments - [ ğ—¨ğ—¦ğ—” ] [ Have Avatar ] [ Speed 10k/D ]âš¡ï¸â­,Completed,0
26916178,2025-09-01 11:43:31,HP Mini DIY Tractor,0.2925,0.0,750,7260 - Youtube Likes - [G30 - Max 60k] [Speed 20k/D]âš¡ï¸,Completed,0
